Genome,Fitness
"[ 1.          0.01058044  1.          1.         -1.         -1.
 -0.42612335  0.9042047   1.         -0.35107345  0.15811884  0.21107752
 -0.43057672  0.80359038  1.         -1.         -1.          0.38041907
 -1.         -0.28639053  0.54250702  0.51280639  0.19800222 -0.45193199
  0.07030652  0.35617963 -1.         -0.52323983  1.         -0.99174216
  0.97468175  1.          0.89901303  0.03750959  1.          0.9271966
 -1.         -1.          0.71626374 -0.84399834  1.          0.77905166
  1.          0.03127581  0.21143452 -0.47058204 -1.         -1.
  0.47580296  1.          0.73023258  0.21225549 -0.07843351 -0.51466408
  1.         -1.          1.          0.72009365  0.47569596 -1.
 -1.         -0.72367556  1.         -1.          1.          0.79477443
  1.         -1.         -0.47274294 -0.16679411  0.68785453  0.01564503
 -1.         -0.80562746 -0.22803391  0.02753075 -1.          0.32544715
 -1.         -0.42022264  1.          0.16743862 -0.36603244 -0.01106761
 -0.65998817  1.          1.          0.59126193 -0.62633448 -0.10632949
  0.58716751  0.31715858  0.32434966 -0.52046606  1.          1.
 -0.38500921 -1.          0.71774357  0.95202435 -0.64736122 -0.52216637
  0.29515372 -0.26284345 -0.59348556  1.         -0.70142294 -0.10668678
  1.         -0.45978329 -1.          0.35878008  0.72822804  1.
  1.         -1.         -0.76783757  1.          1.          1.
  1.         -0.2557046  -1.         -1.         -0.4195858   0.8114611
 -0.40792464 -0.8244594  -0.39142285  0.58649026 -0.45496076  1.
  0.24864299  1.         -0.23781303  1.          1.         -1.
  1.         -0.37762638  1.         -1.         -0.10753874 -0.12940909
 -0.85595381 -0.21759386 -1.          1.          0.33887101  1.
 -1.          0.5510784  -1.          1.         -0.19218218  0.43782044
 -0.99540667  1.          1.          0.01571831 -1.          1.
  1.         -0.1058918   1.          1.         -1.         -0.77146159
  1.          1.          0.0891143  -1.         -0.42068787  1.
  0.8476116  -1.         -1.          0.41080638 -0.12298409 -0.22205522
 -1.         -1.          1.          0.88734112  0.62520102 -0.04086881
 -0.30009348 -0.96288434 -0.06394724  0.87047332 -1.          0.86394432
  0.47927531  0.59849235  0.46796939 -1.         -0.66245441 -0.78370668
  0.61023737 -1.          0.963133    0.88608162  1.         -0.12156175
  0.68224465 -1.          0.365149    0.35642224  0.5985518  -0.82580703
 -0.81421149  0.07123117 -1.         -0.39815705  1.         -0.13630511
 -0.53432165 -1.          0.3533997   0.40470315  0.59514005  0.8982048
  0.09665129  1.         -0.22832857 -0.34665466 -1.         -0.03619194
  0.42241324 -1.         -0.33637619 -0.20640661 -1.          1.
  0.35122545 -1.         -0.41296087  0.54139724  0.9008112   1.
  1.         -1.          0.68858424  1.          1.         -1.
  0.68650007  0.267969    1.          0.61678626 -1.          0.29966378
 -0.86253127  1.         -1.          1.          1.          1.
  0.10075663  0.46275497 -0.7182629  -0.51486339  1.          1.
  0.27229369]",92.57237888630937
"[-1.          1.         -1.         -0.62956692 -0.30449835 -1.
  0.23643263  1.         -0.67678698 -1.         -0.75667107 -0.54332425
 -1.         -1.          0.77451936 -0.90268505 -0.43755177  0.95451711
  0.86038345 -1.          0.11735093  0.48007355 -1.         -1.
 -0.24536022 -1.         -0.22894212  0.6393851   1.         -0.28489104
  0.63875462 -0.2888376  -0.51164246  1.         -1.         -1.
  1.          0.96769048 -1.          1.         -0.0173531   0.47779467
 -1.          1.          0.52926455  0.01744636 -0.4109664   1.
  0.52153242 -0.72170091  0.48415571 -1.          0.21235898 -1.
 -0.3664143  -0.45678144  0.01020778 -1.         -0.64571862  0.92021882
  0.20029033 -1.          0.49754048  0.61841591  0.05445197 -0.98728296
 -0.86443089  0.22403735  0.50961305 -1.          1.         -1.
  0.82169894 -0.99389585  0.13274686  0.27441955  0.93835515  0.34788327
  0.02644858 -0.21467545  0.58506488 -1.         -1.          1.
  1.          0.51501112  1.          1.         -0.86099878 -0.08107341
  1.         -0.97889169 -1.          1.         -0.58060244  0.47117108
  0.55908284  0.99750933  0.47592819 -1.         -0.1538049  -0.43887845
 -1.         -1.          1.         -1.         -1.          0.54514002
 -0.49517788 -0.74386224  0.79433915 -1.          1.         -0.02811439
 -0.32987994 -1.          0.66823802  0.41966147 -0.01847855  0.92983572
  1.         -1.          0.15224506 -0.54831067  1.          0.80387946
 -0.19188421 -1.          0.62611957  1.         -1.         -1.
  1.          1.         -1.          0.23491663  0.04219814  1.
 -0.12522108 -0.14547117 -0.4721729  -0.77917328 -0.15191481 -1.
  0.44875711  0.17006952 -0.9635208  -1.         -1.          0.45046345
  0.26527332 -0.61579683  1.         -0.40650376 -1.         -0.84455469
  1.          1.          0.18707234  0.15257972  0.67885162  0.11076536
 -0.3376633  -0.49059087  0.00517569 -0.52492513 -0.70697799 -0.43520337
  0.25188023  0.05132652  1.          0.97931164  1.         -1.
  1.          0.90435796 -1.          0.02060783  0.38798325 -0.39483525
  0.63995801 -1.         -1.         -1.         -0.13638514  0.66482385
 -1.          1.         -0.62192568  0.04898731  0.50780323 -0.62561586
 -0.3382443   0.1357881   0.29558083 -1.         -1.         -0.68533986
  1.          1.          0.91260899  0.60546711  0.51988927  1.
  1.         -0.93879293 -1.         -1.         -0.92218006  1.
 -1.          1.         -0.73811857 -1.          1.         -0.10220429
 -0.56541667 -1.          1.          0.75314548 -0.46791155 -1.
  0.11848495 -0.75375809 -0.10461287 -0.26614317 -0.07588415 -0.61738441
 -1.          0.36940867  0.18249371 -0.06604037 -0.2881965  -0.09204954
 -0.04187502  0.02699612  0.35119524 -1.          0.80292717  1.
 -0.80162478 -0.21368254  0.9629782   1.          0.28868001 -1.
 -1.          1.         -1.         -0.81350335  0.30981425  0.82983126
 -1.          1.         -0.68485467 -0.96044286 -1.         -0.33318904
  0.09897157  0.49189094 -0.57980769 -1.          1.         -1.
  0.24952341]",92.86420156294975
"[-0.2869306   0.36911507  1.          0.51880582  0.00877904  1.
  1.          1.         -1.         -0.91109048  0.99404048 -0.69058746
 -0.27673247 -0.00891456 -1.          0.11984599  1.          0.19453247
  0.56740781 -1.         -1.          0.37472409 -1.         -0.92055856
 -0.78741021  0.35145325 -1.         -1.          1.         -0.9634315
  1.         -0.78947527  1.         -0.76892611  1.         -0.67642887
 -0.85304358 -0.56598984 -1.         -0.51629802 -1.          0.64541452
  1.          1.          0.18358408 -1.         -0.67938458 -0.77817269
 -0.01601642 -1.          0.2644424  -1.         -0.43883768 -0.76205728
  1.          1.         -1.         -1.         -0.81967063 -0.59433808
 -0.32583145 -1.         -1.         -1.          1.          0.38776612
 -1.         -0.64625521  1.         -0.91049781 -1.         -0.67489783
  0.56695308  0.99445275 -1.         -1.          0.40806854  0.84790027
 -0.50449224  1.         -1.         -1.          1.         -0.64265699
  0.27484654 -0.64301707 -1.         -0.85602003 -1.          0.16857678
 -1.          0.59922587  1.          1.          1.          1.
 -0.38565208 -1.          0.51664529 -0.56436104 -0.30290952  1.
 -0.92525057  0.98813094  0.30580839 -0.11787665 -0.14997251  0.45696334
 -0.0083738  -0.99948152  1.         -1.         -1.         -1.
  1.          0.31307745  0.56046359 -1.         -1.         -0.31659208
  1.          1.          1.          1.          0.31599689  1.
  0.9244323  -0.89928203  0.96572756  1.         -0.91778988  1.
 -0.34918778 -1.         -0.07477244 -0.75244944  1.         -0.53694213
  0.86953574 -0.18656311  0.27505113  0.78700296 -1.          0.7083976
  1.          0.24460747  1.          0.17113045  0.02767743 -0.57697933
  0.45393608 -1.          1.          1.          1.          0.0420501
  1.          1.          1.          0.29271145 -1.         -1.
  1.          1.         -0.84200797  1.         -0.25179024 -0.44740515
  0.67918529  0.54957029 -0.39075781  0.99720129  0.84914199 -1.
  0.54748325  0.92479059  0.48319335 -0.90918855  0.44767366  0.15833424
  0.56487595  1.         -1.         -1.          0.94640396 -0.19952306
 -0.45183894 -1.         -1.         -1.          1.         -1.
 -1.          1.         -0.15431902 -0.37673376 -0.19982157 -1.
  0.42404169  0.21854718 -0.18165962 -1.         -0.1366804   1.
 -0.2456305  -0.52213824 -1.          0.71653038  1.          0.56678039
 -1.          0.53565791 -1.         -1.          0.56951614  0.33446073
 -1.         -0.25375773 -1.          0.10871777 -0.01660533 -0.09062462
 -1.          0.77554723  0.06876708 -0.30051978 -0.67305901  0.04538163
  0.37986019 -0.84533385  1.          1.         -1.          1.
  0.05839454  0.45947493 -0.35111657 -1.          0.81984308 -0.62865114
  0.12291898  0.67614431 -0.0963583   1.          0.66870372 -0.05989422
 -0.66318199  0.25959494  0.32558597  0.48204154  0.77709919 -0.94950318
  0.96372489 -1.         -1.         -1.         -0.55995358  1.
 -0.99685284  1.         -1.          0.73200235  0.45353249 -0.08822322
 -0.56603866]",93.40956741322127
"[-0.35433745 -1.         -1.         -1.         -1.         -1.
  0.68364181 -1.         -0.45909181  0.9952627  -1.          1.
  1.         -0.04678339 -0.46990587  1.         -0.61492702 -1.
 -0.43340564  0.3469075  -1.          0.4614843  -0.05584239 -0.13765795
  0.58891157  1.         -0.5127473  -1.         -0.9423374   1.
 -0.68745581 -0.63496288  0.19057733 -0.08776515 -1.         -1.
 -0.89648587  0.84639509  0.49956827 -0.31902666  0.05381695 -0.75399273
  1.         -1.         -0.56130834  0.60136303  0.82764353  0.2548762
  0.96968545  0.85469995 -0.87304438  0.12823474 -1.         -0.44739278
 -1.         -0.11778179 -1.          0.91114964 -0.0017833  -0.24279346
  0.84047201  1.          0.68416702 -0.08987493  0.06697804 -0.02021101
 -1.          0.2395048  -0.28709046 -1.          0.96822467 -0.16112746
 -1.         -0.15254689 -0.1217129   0.58881332 -1.          0.60482583
  0.7042273  -1.         -0.98902609 -0.54807031 -0.94133057  0.99839422
  0.74282262  0.79290055 -0.2156787  -1.         -0.42592219  0.91789727
  1.          0.41423792  1.         -0.9925913   1.         -0.8341149
 -0.43023522  1.          0.03531853 -0.99765086 -1.         -0.27385651
  0.97498643  0.44464137 -0.17773246 -1.          0.47941366 -0.98056506
  1.          0.73806666 -1.          1.         -1.          1.
 -0.41657677 -0.86680043 -0.29076526 -0.09860771  1.         -0.08331712
  1.          0.61414086 -0.67740611  1.          1.         -0.88224712
 -1.         -0.70474768  0.7270058  -0.79754396  0.84414452 -0.51539589
  0.54765588 -1.         -1.          0.88003047 -0.05633904 -0.38142262
 -1.         -0.88131579 -0.20718583  0.11095635  1.          0.0648712
 -0.640084    1.         -0.29553138  1.          0.45162361  0.35178902
 -1.         -1.          0.37124747 -1.          1.          0.41844799
 -1.          0.69772177 -1.         -0.35811721  0.86027614 -0.27861669
 -1.         -0.01873604  1.         -0.46274624  1.         -0.7279894
  1.          0.75759153 -0.61387989 -0.54290526 -1.         -0.03600045
 -1.          1.         -0.4532816  -0.7619759  -1.          0.93075459
 -0.17345292 -0.26384066  0.81899559  0.34573662 -1.         -0.80088591
 -0.59994633  1.         -1.          1.          0.41429024  0.73599808
 -1.          0.90849252 -1.          0.16990573  1.          0.27622283
 -0.83505177  0.7226777   0.94714755  0.30796495 -1.         -1.
  0.15019313 -0.90391495 -0.36051291  0.35235044  1.          1.
 -1.          1.         -0.11098602 -0.64166202 -0.67005968  0.86017527
 -1.         -1.         -0.6901715   1.          1.          1.
  0.67213986  0.20119856  0.29952509 -0.08086802 -0.46680369 -0.54593438
  0.6294547   1.         -0.30961057 -0.11838632 -0.07193341 -1.
 -1.          0.80886446  0.76384395 -1.          1.          1.
 -0.42754585 -0.90943067 -0.50545936  0.29245864  1.          1.
 -1.         -1.          1.          0.60428121 -0.27498013  0.58008329
 -1.          1.         -1.          1.          1.         -0.24813089
  1.          0.94924107 -1.         -0.68774037 -1.         -0.27747625
 -0.51062741]",92.93740496697303
"[ 1.          1.          0.37000268 -1.         -0.00482099 -1.
  1.          1.         -1.         -1.          0.57866448 -0.36534175
  0.72689663 -1.         -0.4227008   0.47124548 -0.61576126  1.
 -0.21452747 -1.         -1.          0.24264807  1.         -1.
  0.09480183 -0.24230635  1.         -0.40079284 -0.14516838 -0.94956555
  0.42474876  0.09994563 -1.         -0.81794645  0.57724901  0.39447183
  0.21590655 -0.73906544  0.18724442 -0.15962195 -0.12245658  1.
 -0.5846318  -0.31935911 -0.62841917 -1.         -1.          0.09512599
 -0.03063845  0.18738538  0.99517003 -1.         -1.         -1.
  0.11579017  0.23722667 -0.67118276 -1.         -0.48394863  1.
  0.65378588  0.04091374 -0.98259786  0.56695525 -0.05724396 -0.88780905
  0.24314299 -0.59873349  0.90301215  1.          1.          1.
  0.79919927  0.92370487 -1.         -1.         -1.         -0.13534478
 -1.         -0.56051005  1.          0.87256577  0.14783434  0.96292981
  1.         -0.02741559  1.          1.          0.78350297 -1.
 -0.39740727 -0.30861644 -0.48843311 -0.63523638  1.         -0.27004038
  1.          0.88537519 -0.09669259 -1.         -0.91825301  0.18557376
  0.27696547 -0.85066631 -1.         -0.11711857  1.          0.47412511
  0.38920044  0.3967112  -0.39650121 -1.         -0.49916319 -0.97800188
  0.36999082  1.         -0.13042069  1.         -1.         -0.79126473
 -0.4181358  -1.          1.          1.          1.          0.66945516
 -1.         -0.27369017 -1.          0.22765138 -1.         -0.10652923
 -0.24918392 -1.          1.          1.          1.         -0.20424678
  0.17895222  0.64156083  0.07078332  0.99459429  0.77184491  0.31027943
  0.68193911  1.          0.65898873 -0.30869616 -1.          1.
 -0.19151588  1.          1.         -0.29723123  0.73678601 -0.74552168
  1.         -1.          0.28671002 -0.08316525  0.15933295  0.12183204
 -0.50983154 -0.98089121  0.21761386  1.          0.69000038 -0.61240066
  0.78259161  1.         -1.         -0.30412548  0.39258345  0.62329825
  1.         -1.         -0.02916135  0.86473926 -1.          0.85289914
 -1.         -0.71226034 -1.         -0.4499024  -1.          0.15153422
  1.         -1.          1.         -0.17488529  0.31098321  0.43052997
 -0.69107805 -1.         -1.         -0.7943335  -1.         -1.
  1.         -0.39740703  1.         -0.59803333  0.47475408  0.20355045
 -0.20539996 -0.48216566  1.         -1.         -1.          0.5804203
 -0.33082529  0.20416582 -1.         -0.15118777 -1.         -0.16446633
 -0.77482885  1.          1.         -0.53221376 -0.42808575  0.58203874
 -1.         -0.05064212  1.         -0.20149153 -0.52238771 -1.
  1.         -0.87557974  0.21209861 -0.63001474  0.40412214  0.28841276
  1.         -0.62180845  0.08007555 -0.2643651   1.          0.11096504
 -0.61398913 -0.07361592 -0.82854622  1.         -1.          0.91789691
  0.06031962 -1.          1.         -1.          1.         -1.
 -1.          0.69876047 -0.23448408 -1.         -1.         -0.06875978
  1.         -0.98726086 -0.28352893  0.54383291  0.46503407  0.387908
  1.        ]",92.24704041507837
"[-0.89790519  0.05785034  1.         -0.4039194  -0.21360684 -0.04571048
 -0.15878133  0.67892282 -0.91111797  0.44470435 -1.         -0.46716031
  0.80641046 -1.         -0.70131514  0.28263391  0.05984381  0.25297641
  1.         -0.62943297  0.2812779   1.         -0.69932127  1.
  0.30206351 -1.         -0.75620033 -1.          1.          0.08780767
  0.58580315  0.9687158  -1.          0.11774318  0.78362358  0.70658172
 -0.87578416  0.94409344  0.89523279  1.         -1.         -1.
  1.          1.          1.         -0.79079055  1.          1.
 -0.1438339  -1.         -1.         -1.         -1.         -0.06349121
  0.00433146 -1.          1.          1.          0.86478877  1.
 -0.08207144 -1.          1.          1.         -1.         -1.
  0.67733191 -1.         -0.03155832 -0.09294493  0.35966772 -0.96770613
  0.58395841 -0.08830584 -1.          1.         -1.         -1.
 -0.53104693 -0.68874542 -0.99951324 -0.00407517 -1.         -0.78099717
  0.20812353 -0.29178616 -1.          1.         -0.67094796  1.
 -1.         -0.10893329  0.37852115 -1.          0.33761992  1.
 -0.46406072 -1.          0.38163042  1.          1.          0.96384657
  1.          0.50943383 -0.63459695  0.31777529  1.         -1.
 -1.          1.          0.89269787  0.99911527 -0.43611262  1.
 -1.         -0.64779344 -0.81009353 -1.         -1.         -0.35480317
  1.         -0.81139294 -0.02067056  1.         -0.18720071 -0.23305944
 -0.01890064  1.          1.          1.         -0.92442909  0.15071625
 -1.         -1.         -1.          0.91502626  0.97335658  1.
  0.79066458  1.         -1.         -0.77565641 -1.          1.
  0.47125876 -0.60047275 -0.16123153 -0.89326296  0.99439268  0.40772671
  0.87906424  0.21040596  1.         -0.50969111 -0.79688838  1.
  1.         -1.          0.98060945 -1.          0.76013333  1.
  0.08277487 -0.93908077 -0.62155047  0.72467961  0.2628371  -1.
  1.         -0.16644665 -0.06332669  1.          1.         -0.09305856
  0.30295713  0.057965    0.40386404 -0.14768061  0.25471072  1.
  0.37548354  0.7609572   1.          1.          1.          0.49916574
  0.67998674 -0.95774568 -0.50830703 -0.02563725  0.46116563  0.77514627
  0.39777451  0.43728079  1.          0.47406071 -1.          0.82024006
  0.04643618 -0.73089704 -0.91345464 -1.          0.38593624 -1.
 -1.         -0.14712891  0.16117565  0.06446966 -0.10704609  1.
  0.84609168 -0.7283011   0.17610466  1.         -0.42971831 -1.
 -0.7569047   0.80347612  1.         -0.43367567 -0.37917841 -1.
  1.          0.33791186 -1.          1.         -0.08593973 -0.44474346
  1.         -0.45903935 -0.74822013  1.         -0.66930634 -0.10033486
  1.          1.          1.         -1.          0.74941965  0.63757518
 -1.          0.43696334 -0.87634023  0.73825226 -1.         -0.64257922
  0.10342632 -1.          0.67313364  1.         -0.38933985  0.85029142
  0.99462056 -0.38760207 -0.16006254  1.          1.          1.
 -1.         -0.00689166 -0.88503446  0.25896798 -0.72278425 -0.04922486
  0.47993477]",92.72482618476617
"[ 1.         -0.45235005  0.47654139  1.          0.99644449 -1.
  1.         -0.48796001 -0.77882522  0.09814943  1.         -0.63816228
  0.37134856  0.5241073   0.54202987  1.          1.          0.57506945
  1.         -1.         -1.         -1.         -1.          1.
 -0.17619408  1.         -1.          1.          1.          1.
 -1.          1.          1.         -0.23320096 -1.         -0.11248266
 -0.82576369  0.07058433  0.0444215   0.0777679   0.21734786 -0.19246389
 -1.          1.          0.00589268 -1.          0.38368448 -1.
  0.2706649  -0.71408957  0.47953197  0.55973107 -1.          0.94435403
 -0.30898776 -0.03174215  0.80059107  1.          1.         -1.
 -0.96971651  0.34136428  0.63185271 -0.32626488  1.          1.
  1.         -1.          0.80329284 -0.29038222 -0.6441278  -1.
  0.35131922 -1.          1.         -1.          0.71839069 -0.00969136
 -0.37293089 -0.36620621  1.         -1.         -1.         -1.
  0.88374889 -1.         -0.18559341  1.          0.09461751 -0.5251519
  1.         -1.          1.         -0.06177742  0.6962622  -1.
  0.26790223 -0.22683792 -1.         -1.          0.25753301 -1.
  0.34339009 -0.19846168 -0.51574771  0.10731372 -0.96814196  0.58918588
  0.20708311 -0.55143693  0.32470871  0.22643333  0.91007526  0.76511971
  1.          0.80991473  0.0025091  -1.         -1.         -0.31756316
 -1.          0.61473834  0.02101784  1.         -1.         -1.
  1.          0.52571496  0.5047239  -0.09535139 -1.          1.
 -1.         -0.22205812  1.          1.         -1.          0.20910537
 -0.40429344  0.02533751  1.         -0.47679563  0.00170418 -0.88476247
  1.         -1.         -1.          0.45771414 -0.66619948 -0.09890326
  1.         -0.36647857 -0.39740487  0.44499239 -0.79906992 -0.87685598
 -0.09844021 -1.          0.37754998  0.72701613 -0.58455489 -0.72861376
  0.69618609  1.         -0.06426124 -0.40193336 -0.01280115 -0.7199292
 -1.          0.43861656 -1.          0.58338077 -1.         -0.196168
 -0.64945623  0.74383249 -0.13530913 -0.6134078   0.99945249  0.91474289
 -0.66239493 -1.         -0.5922604  -1.          0.84793852  0.6771129
 -1.          1.          0.36601387  0.20118542  0.89444256 -1.
 -1.         -0.41378897 -0.03234252 -1.         -1.          0.06272272
 -0.15751354 -0.52275281  1.         -0.93164776 -1.         -0.6882982
 -0.34437503 -0.36064036  0.89467472  0.34068532  1.         -0.65224608
 -0.360193    0.86875534  0.27399553  1.          1.          0.96916534
 -0.50835448  0.21957695  0.78412251  1.         -0.93509522 -1.
 -0.41743536  1.         -0.42209681 -1.          0.0652277  -0.24867716
  0.29339621  0.38689196 -0.61598962 -0.81712399 -0.98604095  0.298534
  0.90260265  0.14898084 -0.92738202 -0.26159724  0.01738226 -0.43343422
 -0.10539023 -0.84420002  1.          0.18642113 -1.         -1.
  0.92313671  1.         -0.84233639  0.65278436  0.50939134  0.62141708
  1.          1.         -0.65836501 -0.42483954  0.52101118 -0.39435725
 -0.67279028 -0.58246176 -0.65587947 -1.          0.42005947 -1.
  0.52446725]",92.69061166337202
"[-0.68468211  0.54740358  0.76655779  1.          0.60982436 -1.
 -0.70215715  0.19315819  0.39715415 -0.26649357  0.95157241 -1.
 -1.         -1.         -1.          0.60116424  0.7218858   0.40821323
 -1.          0.99965398 -1.          1.          0.28109581  0.82665513
 -1.         -1.         -0.76930783  1.          1.         -0.57764221
  1.         -0.67976008  0.49288492  1.         -0.93535874 -0.47753248
  0.22414352  1.          1.         -0.13573818 -1.         -0.15604418
 -0.15233354 -0.158483    1.          1.         -0.24242285  0.80768989
  1.          0.72894874 -0.43841363  1.          0.78803051 -1.
 -1.          0.20151168  1.          1.         -0.26951378  0.36647367
 -1.          1.          0.54297518  1.         -0.48706701 -0.12263349
 -1.          0.85441333 -0.06152858  0.99732889 -1.         -0.22375209
  0.32388564  1.         -0.19662218 -0.43347172  0.28704336 -1.
 -0.96056551 -0.16315127 -1.          0.32249111  0.49739011 -0.24646922
  0.51941739 -0.67612407 -1.         -0.18779897 -0.02251284 -0.27775696
 -0.05877108 -0.01274706  1.         -1.         -1.          0.53312142
  1.         -1.          0.00726577 -0.17474772  0.66959625 -1.
  1.         -1.         -0.00456376  1.         -1.          1.
  0.90520168 -0.22382119  1.         -0.2889095   1.         -1.
  1.         -0.78376397  0.95290723 -0.61075889  1.         -1.
 -1.         -0.27154527 -0.86864583  1.         -1.          1.
 -0.21361328  0.29195549 -0.04224691  1.          0.12871886 -0.47911725
  0.99544506  0.34121806  1.          0.53548776  0.09364741 -1.
  1.          0.71613231  0.09378138  0.66019944 -1.         -1.
  0.12292832 -1.          0.77306211 -1.          0.32253912  1.
 -1.         -1.          1.         -0.7787604  -1.          0.12826556
 -1.          1.         -0.24713587 -0.88069453 -1.         -1.
 -0.67333207  0.56623239  0.50729687 -0.69355783 -0.09525489 -1.
  0.54568795  0.15964712 -0.08069587  0.61850169  0.4345097   1.
 -1.         -0.70047171  1.          0.47647176  0.39954417  0.4844159
  0.86373305 -1.         -0.56822818  0.13984276 -0.04308586  1.
 -1.          0.56383287  1.         -1.         -0.69037014  0.33479906
 -0.92684886 -1.         -1.          1.         -0.92649898 -0.9409473
 -0.07598471 -0.89766737 -0.08772829  1.          0.20129191  1.
  1.          1.          1.         -0.34924609  0.73096978  1.
 -1.         -0.26265951 -0.72794064  1.         -1.          0.60349472
  0.02857444  1.         -1.          1.          1.          1.
  0.19482874  0.21805472  1.         -1.         -0.16615776  1.
 -0.32695106 -0.76097598  0.22573902 -0.45657675  0.89094072 -0.04226897
  1.          1.          0.144604   -1.          0.21628062 -1.
 -1.          0.46761504  0.8678073  -0.551263    0.49282994  0.73413953
 -0.68428288  0.24421477 -0.61988396  1.         -0.79374129  0.20924405
 -0.55241765  0.77269577  1.         -1.         -0.25296764 -1.
  0.03568802  1.          0.93376947  0.29861524  1.          0.42883287
 -1.        ]",92.41821644970791
"[-0.165362    0.68143968  0.07669271  1.          0.5403422  -0.36141265
 -1.         -0.08897675 -0.36313904  1.          0.92600639 -1.
  0.51591757  0.13569168  0.2232123   1.          1.         -0.36773238
  1.          1.         -1.          0.17226768  1.          0.19916426
 -0.87762247 -0.84883624 -0.55492272  1.          1.          0.14444135
 -0.20157128 -1.         -0.00886845  0.36951926  1.         -1.
 -1.         -0.88685467  0.86413943  0.91048973  0.54581543  0.32540855
 -0.7799022   0.41483633  0.66904572 -0.87913485 -0.79082344  0.95526534
  0.13427224  1.         -1.         -0.85177705  0.57974206 -0.10238088
 -1.         -1.         -0.53670276 -0.41623364  0.64313369 -1.
  1.          0.9096165  -0.53697413 -1.          0.45856194 -1.
 -0.92517409 -0.389908    0.42899631 -0.62704839  0.59057325  1.
  0.42606901  0.88708427  1.         -0.57139973  0.66263126 -0.7718577
 -0.29962082 -1.         -0.55569882  0.97924314  0.9004171   1.
  0.13192364 -1.          1.         -1.          1.          0.85664857
  1.         -1.          0.37152702  1.         -0.9653137  -0.01473892
 -0.73977138  1.          0.69716385  0.07555734  1.          0.61378677
  1.         -0.37012195  0.94607105 -1.          0.65308712  0.12415944
  0.56422847  0.94144015 -1.         -0.57290777 -1.         -0.68996164
 -0.7539484   1.         -0.50393909 -0.81465521 -1.          0.17269825
 -0.54309349 -0.79943479  0.80008336  0.00938437  1.          0.36591983
  0.95759308  0.48376863  0.68236661  1.         -0.4853442   0.39856678
  0.22894738  0.35840867 -0.87488652 -0.23848704  1.          1.
  1.         -0.06711623 -0.9252177  -0.61637242  1.          0.7096642
 -0.66500773 -1.         -1.          1.          0.64405724  0.11889043
  1.         -0.80198883  0.41309369 -1.         -1.          1.
  1.         -1.         -0.88791497  0.04694822 -1.          0.06303929
 -1.         -1.          1.          0.91648017 -1.          0.81335901
  0.57951061  0.49652621 -1.         -0.5071036  -0.2458794  -1.
  0.38714595  1.         -1.          1.          0.3233799  -0.25126821
 -0.59986375  0.28800101 -0.15130063 -0.92011123  1.         -1.
 -0.42320249 -1.         -1.          0.90645776  1.         -1.
  1.          0.06313979  0.22040476  0.75309468 -0.00842649  0.06636948
  0.41221673 -0.51985934 -1.          1.         -1.         -0.05355
 -0.36703036 -0.57402446  0.19261818 -1.         -1.          1.
  0.84067672  1.         -0.05015238 -0.24168082 -0.29322632  0.87079513
  0.53734925  0.02265119  1.          0.37241559 -1.         -1.
 -0.28527459  0.30112707  0.77202323 -1.          0.52795339  1.
 -0.0928274   0.29206392 -0.94706059  1.         -0.20526358 -0.16410273
 -0.58883909 -0.65386633  0.89596373  0.96388658 -1.          0.63780958
 -0.24008973  0.54372251 -1.         -0.26883546  1.          1.
  0.30706169  1.          0.44808787 -0.502487   -0.73039868 -0.36232844
 -0.19794221 -0.75204441 -1.          0.74281547 -0.53760091 -1.
  1.         -0.41706695  0.82493551  1.         -1.          1.
  0.12321599]",92.80150296873417
"[ 0.61374786  1.         -0.47519529 -1.          1.          1.
 -0.2389515   1.          1.          0.26339683  1.          1.
 -1.         -1.         -0.35383998 -0.84994224 -0.77240029 -0.18271373
  0.58942961  1.         -0.03657108  0.95708299  1.          0.33642132
 -0.90492875  1.         -0.10165058  1.         -0.11640307 -0.81680138
 -0.12993558 -0.48796319  0.2538692  -0.85465215  0.38934295  0.69616335
 -0.24471298 -1.         -0.89009132  1.         -0.0330379  -0.47268525
 -1.         -1.         -1.          1.          1.          0.5355342
  1.         -0.70843958 -0.9603855  -0.47012335 -0.84389635  0.63251609
  1.          1.         -1.         -0.44353397  1.         -1.
 -0.0311807  -0.99255425  1.         -0.30134939 -0.27950658  1.
 -0.14267409 -1.         -0.26729391 -0.76454482 -0.69152707 -1.
 -0.11102748  1.         -0.82455946  0.09064477 -0.02157086 -1.
 -1.         -1.          1.         -0.84817357 -1.          0.12563457
 -0.7763322   1.         -0.89018191 -0.1312749   0.70721318 -1.
  1.          0.1773326   0.91710121  1.         -1.         -1.
  0.31155221  0.13094042 -1.          0.36884302  0.96335729  0.28335303
 -0.69051799  1.         -0.0812923   1.         -1.          1.
  1.          1.          0.55340802 -0.37639285  1.         -0.48961046
 -1.         -0.8665131   1.         -1.         -0.95396698 -0.32596995
  0.73604672  0.21643212 -0.03894702 -0.2032746   1.         -1.
 -1.          0.86630865  1.          0.59768447 -0.24175307  0.64427969
  0.99960424 -0.95231669  0.54699396  0.48135931 -1.         -1.
  1.         -1.         -1.         -1.          1.         -0.18937861
  0.78301423 -1.         -1.         -0.51367145 -0.40992985 -1.
  1.          1.         -0.84270021 -1.         -1.          0.70720978
  1.          1.          0.99483889  1.          0.57945414 -0.4880518
 -0.64266535  1.         -1.          0.48948616  0.25275834 -0.8522562
 -0.29003803 -0.27307166  1.          0.6104655  -0.81924329  1.
 -0.78944763  0.33357638 -1.         -1.          1.         -0.86606277
  1.         -1.          1.         -0.82786509 -1.          1.
 -0.85924635 -1.         -1.         -0.64632606  0.93384923 -0.62778393
  0.1888648   1.         -0.27732109 -0.29465519  1.         -0.5361143
  1.         -0.03953366  1.         -1.          1.          1.
  0.59845183  1.         -1.          1.         -0.1237206  -1.
 -0.99486094 -1.          0.44898806 -0.77886709  1.         -0.95396741
 -1.          0.22115876  1.         -1.          0.0115205  -1.
 -0.09818942  0.3668531  -1.         -1.         -1.         -1.
  1.          0.73217349 -0.55187019  1.         -0.13688089  0.07889952
  0.76868116  0.22935383 -1.         -1.         -1.          0.20779885
  0.15256051  1.          1.          0.67264342 -0.21830524 -0.45555893
 -1.         -1.         -1.         -1.         -1.         -1.
  0.684667    1.          1.         -1.         -0.17265489  1.
  0.52721216 -1.          1.         -0.03166057  0.39118995  1.
 -1.        ]",92.73193985886488
